Cem,W/B,FA,CA,RCA,SCM,SP,NF,FT,Length,Age,CS
380,0.4,950,650,50,0,8,1,Kenaf,25,7,31.37
380,0.4,950,650,50,0,8,1,Kenaf,25,28,44.18
380,0.35,950,650,50,0,8,0,x,0,7,36.36
380,0.35,950,650,50,0,8,0,x,0,28,48.45
375,0.57,815,995,0,0,0,0,x,0,28,25.1
375,0.57,815,995,25,0,0,0,x,0,28,24.5
375,0.57,815,995,50,0,0,0,x,0,28,23.6
375,0.57,815,995,75,0,0,0,x,0,28,22.6
375,0.57,815,995,100,0,0,0,x,0,28,21
375,0.5,815,995,0,0,0,0,x,0,28,29.7
375,0.5,815,995,25,0,0,0,x,0,28,29
375,0.5,815,995,50,0,0,0,x,0,28,28
375,0.5,815,995,75,0,0,0,x,0,28,27
375,0.5,815,995,100,0,0,0,x,0,28,25.7
375,0.43,815,995,0,0,0,0,x,0,28,35
375,0.43,815,995,25,0,0,0,x,0,28,34.5
375,0.43,815,995,50,0,0,0,x,0,28,33.2
375,0.43,815,995,75,0,0,0,x,0,28,32.5
375,0.43,815,995,100,0,0,0,x,0,28,31
375,0.51,815,995,0,0,0,0,x,0,28,42.5
315,0.6,885,980,0,0,0,0,x,0,28,40.5
260,0.73,1000,925,0,0,0,0,x,0,28,39
410,0.5,835,870,100,0,0,0,x,0,28,37.5
340,0.6,960,820,100,0,0,0,x,0,28,29.5
275,0.75,1065,785,100,0,0,0,x,0,28,28.5
350,0.5,752,1065,0,0,1.05,0,x,0,28,35.4
350,0.5,752,1065,100,0,1.05,0,x,0,28,26.8
280,0.5,752,1065,100,70,0.84,0,x,0,28,24.7
280,0.5,752,1065,100,70,0.84,0,x,0,28,36.3
280,0.5,752,1065,100,70,0.84,0,x,0,28,32.9
428.889,0.485743397,725.4,972.93,0,0,0,0,x,0,28,53.55957
428.89,0.561309427,747.46,831.61,100,0,0,0,x,0,28,36.84231
407.45,0.590501902,739.39,831.61,100,5,0,0,x,0,28,41.243
386,0.623056995,734.12,831.61,100,10,0,0,x,0,28,36.84231
364.56,0.659315339,725.95,831.61,100,15,0,0,x,0,28,36.65447
428.89,0.561635851,747.46,831.61,100,5,0,0,x,0,28,41.43084
428.89,0.561845695,747.46,831.61,100,10,0,0,x,0,28,45.10702
428.89,0.562172119,747.46,831.61,100,15,0,0,x,0,28,44.00685
407.44,0.590516395,739.39,831.61,100,5,0,0,x,0,28,44.19469
386,0.622953368,731.32,831.61,100,10,0,0,x,0,28,40.5185
364.56,0.659205618,723.26,831.61,100,15,0,0,x,0,28,40.33066
428.89,0.561659167,747.46,831.61,100,5,0,0,x,0,28,42.34317
428.89,0.561962275,747.46,831.61,100,10,0,0,x,0,28,48.97105
428.89,0.562288699,747.46,831.61,100,15,0,0,x,0,28,43.09451
430,0.43,555,1295,0,0,0,0,x,0,28,35.9
430,0.43,534,1295,30,0,0,0,x,0,28,34.1
430,0.43,522,1295,50,0,0,0,x,0,28,29.6
430,0.43,510,1295,70,0,0,0,x,0,28,30.3
430,0.43,492,1295,100,0,0,0,x,0,28,26.7
400,0.52,662,1014,0,0,0,0,x,0,7,33.3
400,0.52,662,1016,15,0,0,0,x,0,7,33.9
400,0.52,662,995,30,0,0,0,x,0,7,34.8
400,0.52,662,956,60,0,0,0,x,0,7,30.6
400,0.52,662,903,100,0,0,0,x,0,7,30.7
400,0.52,662,1014,0,0,0,0,x,0,28,39
400,0.52,662,1016,15,0,0,0,x,0,28,38.1
400,0.52,662,995,30,0,0,0,x,0,28,37
400,0.52,662,956,60,0,0,0,x,0,28,35.8
400,0.52,662,903,100,0,0,0,x,0,28,34.5
400,0.52,662,1014,0,0,0,0,x,0,90,42.1
400,0.52,662,1016,15,0,0,0,x,0,90,41.6
400,0.52,662,995,30,0,0,0,x,0,90,39.5
400,0.52,662,956,60,0,0,0,x,0,90,38.3
400,0.52,662,903,100,0,0,0,x,0,90,37.5
400,0.52,662,1014,0,0,0,0,x,0,180,47
400,0.52,662,1016,15,0,0,0,x,0,180,46.6
400,0.52,662,995,30,0,0,0,x,0,180,44.1
400,0.52,662,956,60,0,0,0,x,0,180,44.1
400,0.52,662,903,100,0,0,0,x,0,180,43
380,0.44,784,1025,0,0,2.69,0,x,0,7,35.2
380,0.44,784,1025,0,0,2.69,0,x,0,28,38.4
380,0.44,784,1025,0,0,2.69,0,x,0,172,45.1
380,0.44,784,1025,0,0,2.69,0,x,0,193,45.4
380,0.44,784,1025,0,0,2.69,0,x,0,255,47
380,0.44,784,1025,0,0,2.69,0,x,0,345,48.4
300,0.4,763,1366,0,0,0,0,x,0,28,35.7665
300,0.4,763,1315,25,0,0,0,x,0,28,33.67522
300,0.4,763,1253,50,0,0,0,x,0,28,32.40944
300,0.4,763,1150,100,0,0,0,x,0,28,29.7238
350,0.4,728,1304,0,0,0,0,x,0,28,40.99469
350,0.4,728,1258,25,0,0,0,x,0,28,38.82637
350,0.4,728,1202,50,0,0,0,x,0,28,36.36086
350,0.4,728,1090,100,0,0,0,x,0,28,35.17213
450,0.4,658,1179,0,0,0,0,x,0,28,52.78291
450,0.4,658,1134,25,0,0,0,x,0,28,50.24035
450,0.4,658,1089,50,0,0,0,x,0,28,46.96035
450,0.4,658,990,100,0,0,0,x,0,28,44.49484
300,0.45,748,1340,0,0,0,0,x,0,28,35.30508
300,0.45,748,1285,25,0,0,0,x,0,28,33.42537
300,0.45,748,1230,50,0,0,0,x,0,28,32.14759
300,0.45,748,1120,100,0,0,0,x,0,28,29.60258
350,0.45,711,1273,0,0,0,0,x,0,28,41.01814
350,0.45,711,1225,25,0,0,0,x,0,28,38.89554
350,0.45,711,1177,50,0,0,0,x,0,28,36.21326
350,0.45,711,1070,100,0,0,0,x,0,28,34.99884
450,0.45,636,1140,0,0,0,0,x,0,28,47.02688
450,0.45,636,1095,25,0,0,0,x,0,28,44.96765
450,0.45,636,1050,50,0,0,0,x,0,28,42.23256
450,0.45,636,960,100,0,0,0,x,0,28,40.22612
300,0.5,734,1314,0,0,0,0,x,0,28,34.72386
300,0.5,734,1265,25,0,0,0,x,0,28,33.30738
300,0.5,734,1207,50,0,0,0,x,0,28,32.21042
300,0.5,734,1100,100,0,0,0,x,0,28,29.20707
350,0.5,694,1243,0,0,0,0,x,0,28,39.68683
350,0.5,694,1192,25,0,0,0,x,0,28,37.6633
350,0.5,694,1141,50,0,0,0,x,0,28,35.70367
350,0.5,694,1040,100,0,0,0,x,0,28,33.98899
450,0.5,614,1100,0,0,0,0,x,0,28,41.45476
450,0.5,614,1055,25,0,0,0,x,0,28,39.55903
450,0.5,614,1010,50,0,0,0,x,0,28,37.22664
450,0.5,614,920,100,0,0,0,x,0,28,35.88472
394,0.47,732.84,988.94,0,0,0,0,x,0,7,24.47
394,0.47,732.84,988.94,0,0,0,0.5,bamboo,60,7,24.66
394,0.47,732.84,988.94,0,0,0,1,bamboo,60,7,24.91
394,0.47,732.84,988.94,0,0,0,1.5,bamboo,60,7,25
394,0.47,732.84,988.94,0,0,0,2,bamboo,60,7,25.06
394,0.47,732.84,988.94,0,0,0,2.5,bamboo,60,7,24.7
394,0.47,732.84,988.94,0,0,0,0,x,0,14,30.25
394,0.47,732.84,988.94,0,0,0,0.5,bamboo,60,14,30.34
394,0.47,732.84,988.94,0,0,0,1,bamboo,60,14,30.51
394,0.47,732.84,988.94,0,0,0,1.5,bamboo,60,14,30.67
394,0.47,732.84,988.94,0,0,0,2,bamboo,60,14,30.79
394,0.47,732.84,988.94,0,0,0,2.5,bamboo,60,14,30.41
394,0.47,732.84,988.94,0,0,0,0,x,0,28,36.23
394,0.47,732.84,988.94,0,0,0,0.5,bamboo,60,28,36.54
394,0.47,732.84,988.94,0,0,0,1,bamboo,60,28,36.73
394,0.47,732.84,988.94,0,0,0,1.5,bamboo,60,28,36.87
394,0.47,732.84,988.94,0,0,0,2,bamboo,60,28,36.95
394,0.47,732.84,988.94,0,0,0,2.5,bamboo,60,28,36.36
417.15,0.45,952,653.54,0,0,4.17,0,x,0,7,15.29182
417.15,0.45,952,653.54,0,0,4.17,0,x,0,7,17.32238
417.15,0.45,952,653.54,0,0,4.17,0.25,bamboo,50,7,16.54139
417.15,0.45,952,653.54,0,0,4.17,0.5,bamboo,50,7,17.63477
417.15,0.45,952,653.54,0,0,4.17,0.75,bamboo,50,7,18.375
417.15,0.45,952,653.54,0,0,4.17,1,bamboo,50,7,14.70778
417.15,0.45,952,653.54,0,0,4.17,0,x,0,14,17.94716
417.15,0.45,952,653.54,0,0,4.17,0,x,0,14,20.56176
417.15,0.45,952,653.54,0,0,4.17,0.25,bamboo,50,14,19.54987
417.15,0.45,952,653.54,0,0,4.17,0.5,bamboo,50,14,19.97772
417.15,0.45,952,653.54,0,0,4.17,0.75,bamboo,50,14,21.03034
417.15,0.45,952,653.54,0,0,4.17,1,bamboo,50,14,18.76889
417.15,0.45,952,653.54,0,0,4.17,0,x,0,28,23.92338
417.15,0.45,952,653.54,0,0,4.17,0,x,0,28,26.80961
417.15,0.45,952,653.54,0,0,4.17,0.25,bamboo,50,28,25.1322
417.15,0.45,952,653.54,0,0,4.17,0.5,bamboo,50,28,26.49722
417.15,0.45,952,653.54,0,0,4.17,0.75,bamboo,50,28,27.98448
417.15,0.45,952,653.54,0,0,4.17,1,bamboo,50,28,24.93526
380,0.47,730,1400,0,0,1.9,0,x,0,7,28.49
380,0.47,730,1400,0,0,1.9,0.5,sisal,30,7,25.11
380,0.47,730,1400,0,0,1.9,1,sisal,30,7,24.32
380,0.47,730,1400,0,0,1.9,1.5,sisal,30,7,23.68
380,0.47,730,1400,0,0,1.9,2,sisal,30,7,21.68
380,0.47,730,1400,0,0,1.9,0,x,0,28,36.37
380,0.47,730,1400,0,0,1.9,0.5,sisal,30,28,35.62
380,0.47,730,1400,0,0,1.9,1,sisal,30,28,33.55
380,0.47,730,1400,0,0,1.9,1.5,sisal,30,28,31
380,0.47,730,1400,0,0,1.9,2,sisal,30,28,30.42
400,0.45,693,1377,0,0,0,0,x,45,7,13.36518
400,0.45,693,1377,0,0,0,0.5,sisal,45,7,9.60362
400,0.45,693,1377,0,0,0,1,sisal,45,7,9.5413
400,0.45,693,1377,0,0,0,1.5,sisal,45,7,8.28934
400,0.45,693,1377,0,0,0,2,sisal,45,7,8.28934
400,0.45,693,1377,0,0,0,0,x,0,28,20.68061
400,0.45,693,1377,0,0,0,0.5,sisal,45,28,18.25165
400,0.45,693,1377,0,0,0,1,sisal,45,28,16.28334
400,0.45,693,1377,0,0,0,1.5,sisal,45,28,19.41378
400,0.45,693,1377,0,0,0,2,sisal,45,28,19.28815
353,0.55,699,1258,0,0,0,0,x,0,7,17.94017
353,0.55,698,1257,0,0,0,0.5,coir,40,7,21.9755
353,0.55,697,1256,0,0,0,1,coir,40,7,19.24025
353,0.55,699,1258,0,0,0,0,x,0,14,22.86192
353,0.55,698,1257,0,0,0,0.5,coir,40,14,24.57566
353,0.55,697,1256,0,0,0,1,coir,40,14,20.87802
353,0.55,699,1258,0,0,0,0,x,0,28,23.95939
353,0.55,698,1257,0,0,0,0.5,coir,40,28,27.37844
353,0.55,697,1256,0,0,0,1,coir,40,28,23.89185
353,0.55,699,1258,0,0,0,0,x,0,56,25.04842
353,0.55,698,1257,0,0,0,0.5,coir,40,56,31.48131
353,0.55,697,1256,0,0,0,1,coir,40,56,26.6271
243,0.55,709,1420,0,0,0,0,coir,40,7,16.23428
243,0.55,709,1420,0,0,0,0,coir,40,14,19.5846
243,0.55,709,1420,0,0,0,0,coir,40,28,20.40736
243,0.55,708,1417,0,0,0,1,coir,40,7,17.63628
243,0.55,708,1417,0,0,0,1,coir,40,14,19.14359
243,0.55,708,1417,0,0,0,1,coir,40,28,19.34106
467.4,0.42,595.1,999.1,0,0,0,0,x,10,7,25.52126
467.4,0.42,595.1,999.1,0,0,0,0,x,10,28,33.08571
467.4,0.42,595.1,999.1,0,0,0,0,x,10,90,34.86008
467.4,0.42,595.1,999.1,0,0,0,0.25,jute,10,7,26.96211
467.4,0.42,595.1,999.1,0,0,0,0.25,jute,10,28,36.96799
467.4,0.42,595.1,999.1,0,0,0,0.25,jute,10,90,41.07707
467.4,0.42,595.1,999.1,0,0,0,0.5,jute,10,7,28.29623
467.4,0.42,595.1,999.1,0,0,0,0.5,jute,10,28,34.52655
467.4,0.42,595.1,999.1,0,0,0,0.5,jute,10,90,35.9674
467.4,0.42,595.1,999.1,0,0,0,1,jute,10,7,23.18656
467.4,0.42,595.1,999.1,0,0,0,1,jute,10,28,26.96211
467.4,0.42,595.1,999.1,0,0,0,1,jute,10,90,30.5242
467.4,0.42,595.1,999.1,0,0,0,0,x,20,7,25.35654
467.4,0.42,595.1,999.1,0,0,0,0,x,20,28,33.30702
467.4,0.42,595.1,999.1,0,0,0,0,x,20,90,35.07959
467.4,0.42,595.1,999.1,0,0,0,0.25,jute,20,7,26.56866
467.4,0.42,595.1,999.1,0,0,0,0.25,jute,20,28,34.076
467.4,0.42,595.1,999.1,0,0,0,0.25,jute,20,90,37.28226
467.4,0.42,595.1,999.1,0,0,0,0.5,jute,20,7,22.815
467.4,0.42,595.1,999.1,0,0,0,0.5,jute,20,28,30.21806
467.4,0.42,595.1,999.1,0,0,0,0.5,jute,20,90,36.51328
467.4,0.42,595.1,999.1,0,0,0,1,jute,20,7,18.51392
467.4,0.42,595.1,999.1,0,0,0,1,jute,20,28,24.58756
467.4,0.42,595.1,999.1,0,0,0,1,jute,20,90,27.45495
534,0.3,692,1050,0,0,5.6,0.1,jute,10,28,65.78
534,0.32,692,1050,0,0,5.6,0.2,jute,10,28,77.54
534,0.34,692,1050,0,0,5.6,0.35,jute,10,28,65.1
534,0.3,692,1050,0,0,5.6,0.1,jute,15,28,67.08
534,0.32,692,1050,0,0,5.6,0.2,jute,15,28,64.43
534,0.34,692,1050,0,0,5.6,0.35,jute,15,28,65.8
534,0.3,692,1050,0,0,5.6,0.1,jute,25,28,52.89
534,0.32,692,1050,0,0,5.6,0.2,jute,25,28,59.45
534,0.34,692,1050,0,0,5.6,0.35,jute,25,28,58.74
418,0.55,710,1022,0,0,0,0,x,0,7,24.07633
418,0.55,710,1022,0,0,0,0,x,0,28,33.97452
418,0.55,710,1022,0,0,0,0.5,kenaf,25,7,20.9637
418,0.55,710,1022,0,0,0,0.5,kenaf,25,28,31.32878
418,0.55,710,1022,0,0,0,0.75,kenaf,25,7,21.74186
418,0.55,710,1022,0,0,0,0.75,kenaf,25,28,30.77888
418,0.55,710,1022,0,0,0,1,kenaf,25,7,20.02991
418,0.55,710,1022,0,0,0,1,kenaf,25,28,27.58324
418,0.55,710,1022,0,0,0,1.5,kenaf,25,7,12.5492
418,0.55,710,1022,0,0,0,1.5,kenaf,25,28,21.03633
418,0.55,710,1022,0,0,0,2,kenaf,25,7,10.04872
418,0.55,710,1022,0,0,0,2,kenaf,25,28,19.71864
418,0.55,710,1022,0,0,0,0.5,kenaf,50,7,20.25817
418,0.55,710,1022,0,0,0,0.5,kenaf,50,28,30.46761
418,0.55,710,1022,0,0,0,0.75,kenaf,50,7,21.03633
418,0.55,710,1022,0,0,0,0.75,kenaf,50,28,29.53382
418,0.55,710,1022,0,0,0,1,kenaf,50,7,18.31796
418,0.55,710,1022,0,0,0,1,kenaf,50,28,26.49381
418,0.55,710,1022,0,0,0,1.5,kenaf,50,7,13.94989
418,0.55,710,1022,0,0,0,1.5,kenaf,50,28,22.44739
418,0.55,710,1022,0,0,0,2,kenaf,50,7,11.53241
418,0.55,710,1022,0,0,0,2,kenaf,50,28,20.80807
455,0.264,589,1219,0,80.25,1.2,0,x,0,7,53.9362
455,0.264,589,1219,0,80.25,1.2,0.5,ramie,40,7,56.38697
455,0.264,589,1219,0,80.25,1.2,1,ramie,40,7,57.85744
455,0.264,589,1219,0,80.25,1.2,1.5,ramie,40,7,57.1222
455,0.264,589,1219,0,80.25,1.2,2,ramie,40,7,58.18421
455,0.264,589,1219,0,80.25,1.2,0,x,0,28,81.05809
455,0.264,589,1219,0,80.25,1.2,0.5,ramie,40,28,85.71456
455,0.264,589,1219,0,80.25,1.2,1,ramie,40,28,84.24409
455,0.264,589,1219,0,80.25,1.2,1.5,ramie,40,28,83.18209
455,0.264,589,1219,0,80.25,1.2,2,ramie,40,28,86.3681
455,0.264,589,1219,0,80.25,1.2,0,x,0,56,81.46655
455,0.264,589,1219,0,80.25,1.2,0.5,ramie,40,56,87.83856
455,0.264,589,1219,0,80.25,1.2,1,ramie,40,56,85.71456
455,0.264,589,1219,0,80.25,1.2,1.5,ramie,40,56,84.97932
455,0.264,589,1219,0,80.25,1.2,2,ramie,40,56,88.4921
455,0.264,589,1219,0,80.25,1.2,0,x,0,90,86.77656
455,0.264,589,1219,0,80.25,1.2,0.5,ramie,40,90,89.22733
455,0.264,589,1219,0,80.25,1.2,1,ramie,40,90,88.81887
455,0.264,589,1219,0,80.25,1.2,1.5,ramie,40,90,89.5541
455,0.264,589,1219,0,80.25,1.2,2,ramie,40,90,92.00487
461,0.52,739,898,0,0,0,0,x,0,7,29.78
461,0.52,739,898,0,0,0,0.5,jute,20,7,26.36
461,0.52,739,898,0,0,0,1,jute,20,7,25.38
461,0.52,739,898,0,0,0,1.5,jute,20,7,24.85
461,0.52,739,898,0,0,0,2,jute,20,7,22.77
461,0.52,739,898,0,0,0,2.5,jute,20,7,18.54
461,0.52,739,898,0,0,0,3,jute,20,7,16.82
461,0.52,739,898,0,0,0,0.5,jute,40,7,30.46
461,0.52,739,898,0,0,0,1,jute,40,7,28.47
461,0.52,739,898,0,0,0,1.5,jute,40,7,26.91
461,0.52,739,898,0,0,0,2,jute,40,7,23.73
461,0.52,739,898,0,0,0,2.5,jute,40,7,20.36
461,0.52,739,898,0,0,0,3,jute,40,7,17.57
461,0.52,739,898,0,0,0,0,x,0,28,35.23
461,0.52,739,898,0,0,0,0.5,jute,20,28,33.04
461,0.52,739,898,0,0,0,1,jute,20,28,30.34
461,0.52,739,898,0,0,0,1.5,jute,20,28,27.38
461,0.52,739,898,0,0,0,2,jute,20,28,24.87
461,0.52,739,898,0,0,0,2.5,jute,20,28,20.32
461,0.52,739,898,0,0,0,3,jute,20,28,19.19
461,0.52,739,898,0,0,0,0.5,jute,40,28,33.82
461,0.52,739,898,0,0,0,1,jute,40,28,31.32
461,0.52,739,898,0,0,0,1.5,jute,40,28,27.73
461,0.52,739,898,0,0,0,2,jute,40,28,25.38
461,0.52,739,898,0,0,0,2.5,jute,40,28,22.61
461,0.52,739,898,0,0,0,3,jute,40,28,19.38
810,0.4,648,648,0,0,2.65,0,x,0,1,27.2
810,0.4,648,648,0,0,2.65,1.2,kenaf,35,1,17.2
806,0.4,645,645,0,0,2.65,2.4,kenaf,35,1,15.1
810,0.4,648,648,0,0,2.65,0,x,0,28,54.6
810,0.4,648,648,0,0,2.65,1.2,kenaf,35,28,48.5
806,0.4,645,645,0,0,2.65,2.4,kenaf,35,28,33.4
320,0.55,610,1340,0,0,0,0,x,0,7,22.09
320,0.55,610,1340,0,0,0,0.2,kenaf,20,7,23.76
320,0.55,610,1340,0,0,0,0.3,kenaf,20,7,25.08
320,0.55,610,1340,0,0,0,0.4,kenaf,20,7,25.41
320,0.55,610,1340,0,0,0,0.5,kenaf,20,7,26.62
320,0.55,610,1340,0,0,0,0.6,kenaf,20,7,24.8
320,0.55,610,1340,0,0,0,0,x,0,14,29.85
320,0.55,610,1340,0,0,0,0.2,kenaf,20,14,30.82
320,0.55,610,1340,0,0,0,0.3,kenaf,20,14,33.38
320,0.55,610,1340,0,0,0,0.4,kenaf,20,14,32.67
320,0.55,610,1340,0,0,0,0.5,kenaf,20,14,33.1
320,0.55,610,1340,0,0,0,0.6,kenaf,20,14,32
320,0.55,610,1340,0,0,0,0,x,0,28,35.38
320,0.55,610,1340,0,0,0,0.2,kenaf,20,28,36.1
320,0.55,610,1340,0,0,0,0.3,kenaf,20,28,36.89
320,0.55,610,1340,0,0,0,0.4,kenaf,20,28,37.94
320,0.55,610,1340,0,0,0,0.5,kenaf,20,28,39.12
320,0.55,610,1340,0,0,0,0.6,kenaf,20,28,38.09
513,0.4,600,1035,0,0,0,0,x,0,7,26.95
513,0.4,600,1035,0,0,2.2059,0.5,sisal,30,7,25.6
513,0.4,600,1035,0,0,3.7962,1,sisal,30,7,25.21
513,0.4,600,1035,0,0,5.643,1.5,sisal,30,7,24.62
513,0.4,600,1035,0,51.3,14.877,1,sisal,30,7,26
513,0.4,600,1035,0,102.6,17.442,1,sisal,30,7,26.35
513,0.4,600,1035,0,153.9,20.52,1,sisal,30,7,25.87
513,0.4,600,1035,0,0,0,0,x,0,28,38.87
513,0.4,600,1035,0,0,2.2059,0.5,sisal,30,28,35.31
513,0.4,600,1035,0,0,3.7962,1,sisal,30,28,36.82
513,0.4,600,1035,0,0,5.643,1.5,sisal,30,28,34.42
513,0.4,600,1035,0,51.3,14.877,1,sisal,30,28,35.72
513,0.4,600,1035,0,102.6,17.442,1,sisal,30,28,36.87
513,0.4,600,1035,0,153.9,20.52,1,sisal,30,28,36
513.7,0.4,600,1035,0,0,0,0,x,0,90,47.51
513,0.4,600,1035,0,0,2.2059,0.5,sisal,30,90,45
513,0.4,600,1035,0,0,3.7962,1,sisal,30,90,46.11
513,0.4,600,1035,0,0,5.643,1.5,sisal,30,90,44.51
513,0.4,600,1035,0,51.3,14.877,1,sisal,30,90,46.21
513,0.4,600,1035,0,102.6,17.442,1,sisal,30,90,46.58
513,0.4,600,1035,0,153.9,20.52,1,sisal,30,90,44.48
500,0.36,523.7,1221.9,0,0,0,0,x,0,1,17.2
500,0.414,486.6,1135.4,100,0,0,0,x,0,1,18.2
500,0.482,472.3,1102,100,0,0,0,x,0,1,14.8
454.5,0.277227723,551.2,1286.1,0,45.5,15,0,x,0,1,31.8
454.5,0.341034103,512.5,1195,100,45.5,15,0,x,0,1,28.7
454.5,0.440484048,497.1,1159.9,100,45.5,15,0,x,0,1,27.7
500,0.36,523.7,1221.9,0,0,0,0,x,0,1,27.3
500,0.36,485.5,1132,100,0,0,0,x,0,1,23.9
500,0.4286,470.3,1097.4,100,0,0,0,x,0,1,19.4
454.5,0.277227723,551.2,1286.1,0,45.5,15,0,x,0,1,44.2
454.5,0.292849285,511,1191.4,100,45.5,15,0,x,0,1,43.7
454.5,0.387238724,495,1155,100,45.5,15,0,x,0,1,40
500,0.36,523.7,1221.9,0,0,0,0,x,0,1,27.3
500,0.36,485.5,1132,100,0,0,0,x,0,1,24.6
500,0.4458,470.3,1097.4,100,0,0,0,x,0,1,22.6
454.5,0.277227723,551.2,1286.1,0,45.5,15,0,x,0,1,44.2
454.5,0.299229923,511,1191.4,100,45.5,15,0,x,0,1,43
454.5,0.355775578,495,1155,100,45.5,15,0,x,0,1,41
500,0.36,523.7,1221.9,0,0,0,0,x,0,1,27.3
500,0.3754,488.5,1138.9,100,0,0,0,x,0,1,14.2
500,0.4924,474.3,1106.7,100,0,0,0,x,0,1,11.9
454.5,0.277227723,551.2,1286.1,0,45.5,15,0,x,0,1,44.2
454.5,0.289108911,514.1,1198.7,100,45.5,15,0,x,0,1,36.7
500,0.36,523.7,1221.9,0,0,0,0,x,0,1,27.3
500,0.36,491,1145.7,100,0,0,0,x,0,1,24.3
500,0.4134,478.2,1115.8,100,0,0,0,x,0,1,22.7
454.5,0.277227723,551.2,1286.1,0,45.5,15,0,x,0,1,44.2
454.5,0.277227723,516.8,1205.8,100,45.5,15,0,x,0,1,42.3
454.5,0.293289329,503.3,1174.5,100,45.5,15,0,x,0,1,35.3
500,0.36,523.7,1221.9,0,0,0,0,x,0,3,31.2
500,0.414,486.6,1135.4,100,0,0,0,x,0,3,29.7
500,0.482,472.3,1102,100,0,0,0,x,0,3,26.6
454.5,0.277227723,551.2,1286.1,0,45.5,15,0,x,0,3,44.7
454.5,0.341034103,512.5,1195,100,45.5,15,0,x,0,3,46.6
454.5,0.440484048,497.1,1159.9,100,45.5,15,0,x,0,3,43.5
500,0.36,523.7,1221.9,0,0,0,0,x,0,3,36.5
500,0.36,485.5,1132,100,0,0,0,x,0,3,35.4
500,0.4286,470.3,1097.4,100,0,0,0,x,0,3,30.9
454.5,0.277227723,551.2,1286.1,0,45.5,15,0,x,0,3,65.6
454.5,0.292849285,511,1191.4,100,45.5,15,0,x,0,3,62.4
454.5,0.387238724,495,1155,100,45.5,15,0,x,0,3,49.9
500,0.36,523.7,1221.9,0,0,0,0,x,0,3,36.5
500,0.36,485.5,1132,100,0,0,0,x,0,3,38.2
500,0.4458,470.3,1097.4,100,0,0,0,x,0,3,32.2
454.5,0.277227723,551.2,1286.1,0,45.5,15,0,x,0,3,65.6
454.5,0.299229923,511,1191.4,100,45.5,15,0,x,0,3,62.4
454.5,0.355775578,495,1155,100,45.5,15,0,x,0,3,57.8
500,0.36,523.7,1221.9,0,0,0,0,x,0,3,36.5
500,0.3754,488.5,1138.9,100,0,0,0,x,0,3,30.4
500,0.4924,474.3,1106.7,100,0,0,0,x,0,3,26.8
454.5,0.277227723,551.2,1286.1,0,45.5,15,0,x,0,3,65.6
454.5,0.289108911,514.1,1198.7,100,45.5,15,0,x,0,3,51.5
500,0.36,523.7,1221.9,0,0,0,0,x,0,3,36.5
500,0.36,491,1145.7,100,0,0,0,x,0,3,35.9
500,0.4134,478.2,1115.8,100,0,0,0,x,0,3,32.1
454.5,0.277227723,551.2,1286.1,0,45.5,15,0,x,0,3,65.6
454.5,0.277227723,516.8,1205.8,100,45.5,15,0,x,0,3,60.2
454.5,0.293289329,503.3,1174.5,100,45.5,15,0,x,0,3,53.3
500,0.36,523.7,1221.9,0,0,0,0,x,0,7,40.6
500,0.414,486.6,1135.4,100,0,0,0,x,0,7,37.1
500,0.482,472.3,1102,100,0,0,0,x,0,7,33.1
454.5,0.277227723,551.2,1286.1,0,45.5,15,0,x,0,7,52.3
454.5,0.341034103,512.5,1195,100,45.5,15,0,x,0,7,53.7
454.5,0.440484048,497.1,1159.9,100,45.5,15,0,x,0,7,48.9
500,0.36,523.7,1221.9,0,0,0,0,x,0,7,41.2
500,0.36,485.5,1132,100,0,0,0,x,0,7,39.3
500,0.4286,470.3,1097.4,100,0,0,0,x,0,7,35.8
454.5,0.277227723,551.2,1286.1,0,45.5,15,0,x,0,7,72.8
454.5,0.292849285,511,1191.4,100,45.5,15,0,x,0,7,69.7
454.5,0.387238724,495,1155,100,45.5,15,0,x,0,7,57.3
500,0.36,523.7,1221.9,0,0,0,0,x,0,7,41.2
500,0.36,485.5,1132,100,0,0,0,x,0,7,44.3
500,0.4458,470.3,1097.4,100,0,0,0,x,0,7,39.5
454.5,0.277227723,551.2,1286.1,0,45.5,15,0,x,0,7,72.8
454.5,0.299229923,511,1191.4,100,45.5,15,0,x,0,7,73.1
454.5,0.355775578,495,1155,100,45.5,15,0,x,0,7,66.7
500,0.36,523.7,1221.9,0,0,0,0,x,0,7,41.2
500,0.3754,488.5,1138.9,100,0,0,0,x,0,7,36.8
500,0.4924,474.3,1106.7,100,0,0,0,x,0,7,33.9
454.5,0.277227723,551.2,1286.1,0,45.5,15,0,x,0,7,72.8
454.5,0.289108911,514.1,1198.7,100,45.5,15,0,x,0,7,60
500,0.36,523.7,1221.9,0,0,0,0,x,0,7,41.2
500,0.36,491,1145.7,100,0,0,0,x,0,7,41.8
500,0.4134,478.2,1115.8,100,0,0,0,x,0,7,38.8
454.5,0.277227723,551.2,1286.1,0,45.5,15,0,x,0,7,72.8
454.5,0.277227723,516.8,1205.8,100,45.5,15,0,x,0,7,68.4
454.5,0.293289329,503.3,1174.5,100,45.5,15,0,x,0,7,63.5
500,0.36,523.7,1221.9,0,0,0,0,x,0,14,44.8
500,0.414,486.6,1135.4,100,0,0,0,x,0,14,41.3
500,0.482,472.3,1102,100,0,0,0,x,0,14,36.1
454.5,0.277227723,551.2,1286.1,0,45.5,15,0,x,0,14,60.9
454.5,0.341034103,512.5,1195,100,45.5,15,0,x,0,14,59.7
454.5,0.440484048,497.1,1159.9,100,45.5,15,0,x,0,14,52.8
500,0.36,523.7,1221.9,0,0,0,0,x,0,14,45
500,0.36,485.5,1132,100,0,0,0,x,0,14,42.3
500,0.4286,470.3,1097.4,100,0,0,0,x,0,14,39.5
454.5,0.277227723,551.2,1286.1,0,45.5,15,0,x,0,14,80.7
454.5,0.292849285,511,1191.4,100,45.5,15,0,x,0,14,75.1
454.5,0.387238724,495,1155,100,45.5,15,0,x,0,14,62.9
500,0.36,523.7,1221.9,0,0,0,0,x,0,14,45
500,0.36,485.5,1132,100,0,0,0,x,0,14,48.5
500,0.4458,470.3,1097.4,100,0,0,0,x,0,14,44.3
454.5,0.277227723,551.2,1286.1,0,45.5,15,0,x,0,14,80.7
454.5,0.299229923,511,1191.4,100,45.5,15,0,x,0,14,81.9
454.5,0.355775578,495,1155,100,45.5,15,0,x,0,14,74.7
500,0.36,523.7,1221.9,0,0,0,0,x,0,14,45
500,0.3754,488.5,1138.9,100,0,0,0,x,0,14,41.3
500,0.4924,474.3,1106.7,100,0,0,0,x,0,14,38.6
454.5,0.277227723,551.2,1286.1,0,45.5,15,0,x,0,14,80.7
454.5,0.289108911,514.1,1198.7,100,45.5,15,0,x,0,14,67.1
500,0.36,523.7,1221.9,0,0,0,0,x,0,14,45
500,0.36,491,1145.7,100,0,0,0,x,0,14,46
500,0.4134,478.2,1115.8,100,0,0,0,x,0,14,42
454.5,0.277227723,551.2,1286.1,0,45.5,15,0,x,0,14,80.7
454.5,0.277227723,516.8,1205.8,100,45.5,15,0,x,0,14,73.9
454.5,0.293289329,503.3,1174.5,100,45.5,15,0,x,0,14,70.1
500,0.36,523.7,1221.9,0,0,0,0,x,0,28,48.4
500,0.414,486.6,1135.4,100,0,0,0,x,0,28,44.5
500,0.482,472.3,1102,100,0,0,0,x,0,28,38.7
454.5,0.277227723,551.2,1286.1,0,45.5,15,0,x,0,28,68.3
454.5,0.341034103,512.5,1195,100,45.5,15,0,x,0,28,63.1
454.5,0.440484048,497.1,1159.9,100,45.5,15,0,x,0,28,56.4
500,0.36,523.7,1221.9,0,0,0,0,x,0,28,48.9
500,0.36,485.5,1132,100,0,0,0,x,0,28,46.1
500,0.4286,470.3,1097.4,100,0,0,0,x,0,28,42.4
454.5,0.277227723,551.2,1286.1,0,45.5,15,0,x,0,28,85.3
454.5,0.292849285,511,1191.4,100,45.5,15,0,x,0,28,79.2
454.5,0.387238724,495,1155,100,45.5,15,0,x,0,28,67.7
500,0.36,523.7,1221.9,0,0,0,0,x,0,28,48.9
500,0.36,485.5,1132,100,0,0,0,x,0,28,52.5
500,0.4458,470.3,1097.4,100,0,0,0,x,0,28,50.7
454.5,0.277227723,551.2,1286.1,0,45.5,15,0,x,0,28,85.3
454.5,0.299229923,511,1191.4,100,45.5,15,0,x,0,28,89.2
454.5,0.355775578,495,1155,100,45.5,15,0,x,0,28,81.1
500,0.36,523.7,1221.9,0,0,0,0,x,0,28,48.9
500,0.3754,488.5,1138.9,100,0,0,0,x,0,28,45.2
500,0.4924,474.3,1106.7,100,0,0,0,x,0,28,42
454.5,0.277227723,551.2,1286.1,0,45.5,15,0,x,0,28,85.3
454.5,0.289108911,514.1,1198.7,100,45.5,15,0,x,0,28,72.9
500,0.36,523.7,1221.9,0,0,0,0,x,0,28,48.9
500,0.36,491,1145.7,100,0,0,0,x,0,28,49.6
500,0.4134,478.2,1115.8,100,0,0,0,x,0,28,45.1
454.5,0.277227723,551.2,1286.1,0,45.5,15,0,x,0,28,85.3
454.5,0.277227723,516.8,1205.8,100,45.5,15,0,x,0,28,80.4
454.5,0.293289329,503.3,1174.5,100,45.5,15,0,x,0,28,77
500,0.36,523.7,1221.9,0,0,0,0,x,0,56,49.7
500,0.414,486.6,1135.4,100,0,0,0,x,0,56,47.1
500,0.482,472.3,1102,100,0,0,0,x,0,56,41.6
454.5,0.277227723,551.2,1286.1,0,45.5,15,0,x,0,56,71.2
454.5,0.341034103,512.5,1195,100,45.5,15,0,x,0,56,65.6
454.5,0.440484048,497.1,1159.9,100,45.5,15,0,x,0,56,60.9
500,0.36,523.7,1221.9,0,0,0,0,x,0,56,51.9
500,0.36,485.5,1132,100,0,0,0,x,0,56,49.6
500,0.4286,470.3,1097.4,100,0,0,0,x,0,56,44.2
454.5,0.277227723,551.2,1286.1,0,45.5,15,0,x,0,56,87.7
454.5,0.292849285,511,1191.4,100,45.5,15,0,x,0,56,82
454.5,0.387238724,495,1155,100,45.5,15,0,x,0,56,71.3
500,0.36,523.7,1221.9,0,0,0,0,x,0,56,51.9
500,0.36,485.5,1132,100,0,0,0,x,0,56,55.4
500,0.4458,470.3,1097.4,100,0,0,0,x,0,56,55.1
454.5,0.277227723,551.2,1286.1,0,45.5,15,0,x,0,56,87.7
454.5,0.299229923,511,1191.4,100,45.5,15,0,x,0,56,95.3
454.5,0.355775578,495,1155,100,45.5,15,0,x,0,56,85.2
500,0.36,523.7,1221.9,0,0,0,0,x,0,56,51.9
500,0.3754,488.5,1138.9,100,0,0,0,x,0,56,48.8
500,0.4924,474.3,1106.7,100,0,0,0,x,0,56,43.9
454.5,0.277227723,551.2,1286.1,0,45.5,15,0,x,0,56,87.7
454.5,0.289108911,514.1,1198.7,100,45.5,15,0,x,0,56,76.2
500,0.36,523.7,1221.9,0,0,0,0,x,0,56,51.9
500,0.36,491,1145.7,100,0,0,0,x,0,56,53.8
500,0.4134,478.2,1115.8,100,0,0,0,x,0,56,48
454.5,0.277227723,551.2,1286.1,0,45.5,15,0,x,0,56,87.7
454.5,0.277227723,516.8,1205.8,100,45.5,15,0,x,0,56,85.3
454.5,0.293289329,503.3,1174.5,100,45.5,15,0,x,0,56,84.4
500,0.36,523.7,1221.9,0,0,0,0,x,0,90,50.8
500,0.414,486.6,1135.4,100,0,0,0,x,0,90,49.3
500,0.482,472.3,1102,100,0,0,0,x,0,90,44.7
454.5,0.277227723,551.2,1286.1,0,45.5,15,0,x,0,90,73.6
454.5,0.341034103,512.5,1195,100,45.5,15,0,x,0,90,66.2
454.5,0.440484048,497.1,1159.9,100,45.5,15,0,x,0,90,62.8
500,0.36,523.7,1221.9,0,0,0,0,x,0,90,53.2
500,0.36,485.5,1132,100,0,0,0,x,0,90,53.1
500,0.4286,470.3,1097.4,100,0,0,0,x,0,90,45.1
454.5,0.277227723,551.2,1286.1,0,45.5,15,0,x,0,90,89.9
454.5,0.292849285,511,1191.4,100,45.5,15,0,x,0,90,84.3
454.5,0.387238724,495,1155,100,45.5,15,0,x,0,90,73.9
500,0.36,523.7,1221.9,0,0,0,0,x,0,90,53.2
500,0.36,485.5,1132,100,0,0,0,x,0,90,56.1
500,0.4458,470.3,1097.4,100,0,0,0,x,0,90,55.6
454.5,0.277227723,551.2,1286.1,0,45.5,15,0,x,0,90,89.9
454.5,0.299229923,511,1191.4,100,45.5,15,0,x,0,90,96.7
454.5,0.355775578,495,1155,100,45.5,15,0,x,0,90,86
500,0.36,523.7,1221.9,0,0,0,0,x,0,90,53.2
500,0.3754,488.5,1138.9,100,0,0,0,x,0,90,52.1
500,0.4924,474.3,1106.7,100,0,0,0,x,0,90,46.3
454.5,0.277227723,551.2,1286.1,0,45.5,15,0,x,0,90,89.9
454.5,0.289108911,514.1,1198.7,100,45.5,15,0,x,0,90,78.5
500,0.36,523.7,1221.9,0,0,0,0,x,0,90,53.2
500,0.36,491,1145.7,100,0,0,0,x,0,90,55.4
500,0.4134,478.2,1115.8,100,0,0,0,x,0,90,49.9
454.5,0.277227723,551.2,1286.1,0,45.5,15,0,x,0,90,89.9
454.5,0.277227723,516.8,1205.8,100,45.5,15,0,x,0,90,88.2
454.5,0.293289329,503.3,1174.5,100,45.5,15,0,x,0,90,87.5
